seed,ticker,company,theme,currency,close,bear_price,base_price,bull_price,bear_return_pct,base_return_pct,bull_return_pct,skill_verdict,catalyst
1,GPCR,Structure Therapeutics,Metabolic drugs,USD,27.67,17.12,31.51,54.67,-38.13,13.88,97.58,Out of H: no commercial demand under H1.,"Q4 2026 body-composition, T2DM and SWITCH readouts; Phase 3 topline is 2H2028."
2,RKLB,Rocket Lab,Launch and space systems,USD,73.92,27.14,73.83,133.68,-63.28,-0.12,80.84,"H-watch: complete combined funding, maximum dilution, annual net-sales offsets and H3/H4 unresolved.",Q4 Neutron delivery-to-pad target; maiden launch by March is unconfirmed. Iridium close expected mid-2027.
3,PODD,Insulet,Diabetes devices,USD,131.69,97.5,177.1,255.0,-25.96,34.48,93.64,Conditional A–E/G-watch: insiders pass; capex/NTM cash conflict and exact NTM gross margin unresolved.,November 4 results and type-2/customer execution.
4,PL,Planet Labs,Earth intelligence,USD,17.5,9.87,18.45,34.23,-43.6,5.43,95.6,"H/G-watch: ATM dilution, recurring forward cash, funding and five-year quality model unresolved.",Pelican/contract conversion and FY27 results; next earnings dates unconfirmed.
5,ASTS,AST SpaceMobile,Satellite connectivity,USD,58.45,20.35,57.51,116.11,-65.18,-1.61,98.65,"H-watch: 24-month stressed funding gap, full convert dilution and quality destination unresolved.",Deployment and paying-service proof. 2026 beta remains a target.
6,AVAV,AeroVironment,Defense autonomy,USD,140.82,98,178.4,275,-30.41,26.69,95.28,H-watch: current cash floor fails G; full funding/quality/insider comparisons unresolved.,Second-half FY27 recovery and conversion of $1.5B funded backlog. Earnings windows estimated.
7,SYM,Symbotic,Warehouse robotics,USD,43.28,28.23,49.26,78.57,-34.77,13.82,81.54,"G-watch: deposits/forward cash, full economic shares, ordinary dilution and latest EPS basis unresolved.",System acceptance and FY27 guide; next reporting dates unconfirmed.
8,RGTI,Rigetti Computing,Quantum,USD,15.25,6.71,18.14,31.1,-56.0,18.95,103.93,"H-watch: fixed cash-quality path, restricted funds, dilution and governance unresolved.","H2 C-DAC delivery target and 99.5% system-fidelity target, acceptance dates unconfirmed."
9,IONQ,IonQ,Quantum,USD,43.77,22.14,48.94,83.41,-49.42,11.81,90.56,H-watch: funding/maximum dilution and fixed quality destination unresolved; acquired foundry sales separated from organic quantum.,Paid orders and cash discipline; Superion delivery in 2027 has no confirmed pre-March date.
10,QBTS,D-Wave Quantum,Quantum,USD,15.77,7.31,18.85,30.12,-53.65,19.53,91.0,"H-watch: full funding, maximum dilution, quality clock and governance unresolved.",October 28 Qubits Asia confirmed; October 1 simulator beta achieved. Neither assures hardware breakthroughs/orders.
11,LLY,Eli Lilly,Metabolic drugs,USD,1142.85,880,1380.4,1855,-23.0,20.79,62.31,Conditional ballast: annual insiders pass; complete maximum deal/legal claims and remaining A proof unresolved.,"December 7 meeting; retatrutide BLA submission planned Q1 2027, not approval."
12,ENR,Siemens Energy,"Grid, gas and wind",EUR,145.42,104,167.94,240,-28.48,15.49,65.04,"G-watch/PH-unverified: advances, NTM FCF, local history/insiders and valuation model unresolved.",November 11 FY26 call confirmed; FY27 guidance is the anticipated focus.
