ticker,date,close,currency,first_operating_quote,rows,closing_ath,ath_date,ath_age_years,drawdown_pct,three_year_start,three_year_total_return_pct,benchmark_three_year_total_return_pct,three_year_gap_pp,six_month_start,six_month_gap_pp,sma200,sma200_20_sessions_ago,consecutive_above_sma200,status,benchmark,source,history_link,spac_start
PANW,2026-10-02,403.24,USD,2012-07-20,3571,403.24,2026-10-02,0.0,0.0,2023-10-02,240.617,87.315,153.302,2026-04-02,129.097,250.3401,232.4152,103,PH-clear,S&P500 Total Return (^SP500TR),https://query1.finance.yahoo.com/v8/finance/chart/PANW?period1=0&period2=1791072000&interval=1d&events=div%2Csplits,https://finance.yahoo.com/quote/PANW/history/,
CRWD,2026-10-02,270.04,USD,2019-06-12,1838,270.04,2026-10-02,0.0,0.0,2023-10-02,537.112,87.315,449.797,2026-04-02,152.664,153.5416,142.0863,106,PH-clear,S&P500 Total Return (^SP500TR),https://query1.finance.yahoo.com/v8/finance/chart/CRWD?period1=0&period2=1791072000&interval=1d&events=div%2Csplits,https://finance.yahoo.com/quote/CRWD/history/,
ZS,2026-10-02,196.6,USD,2018-03-16,2149,368.78,2021-11-19,4.868,46.689,2023-10-02,22.195,87.315,-65.12,2026-04-02,23.917,166.4215,173.078,15,PH-impaired,S&P500 Total Return (^SP500TR),https://query1.finance.yahoo.com/v8/finance/chart/ZS?period1=0&period2=1791072000&interval=1d&events=div%2Csplits,https://finance.yahoo.com/quote/ZS/history/,
FTNT,2026-10-02,180.95,USD,2009-11-18,4243,180.95,2026-10-02,0.0,0.0,2023-10-02,208.63,87.315,121.315,2026-04-02,101.282,118.5747,109.6836,112,PH-clear,S&P500 Total Return (^SP500TR),https://query1.finance.yahoo.com/v8/finance/chart/FTNT?period1=0&period2=1791072000&interval=1d&events=div%2Csplits,https://finance.yahoo.com/quote/FTNT/history/,
TENB,2026-10-02,36.85,USD,2018-07-26,2058,62.66,2022-04-13,4.471,41.191,2023-10-02,-19.312,87.315,-106.628,2026-04-02,91.642,26.8998,26.0158,89,PH-recovery technical candidate; latest qualifying print still required,S&P500 Total Return (^SP500TR),https://query1.finance.yahoo.com/v8/finance/chart/TENB?period1=0&period2=1791072000&interval=1d&events=div%2Csplits,https://finance.yahoo.com/quote/TENB/history/,
QLYS,2026-10-02,193.0,USD,2012-09-28,3522,205.89,2023-12-19,2.787,6.261,2023-10-02,26.185,87.315,-61.13,2026-04-02,100.453,127.7494,124.5213,69,PH-clear,S&P500 Total Return (^SP500TR),https://query1.finance.yahoo.com/v8/finance/chart/QLYS?period1=0&period2=1791072000&interval=1d&events=div%2Csplits,https://finance.yahoo.com/quote/QLYS/history/,
CHKP,2026-10-02,130.35,USD,1996-06-28,7614,233.47,2025-06-06,1.322,44.168,2023-10-02,-2.345,87.315,-89.66,2026-04-02,-30.034,145.554,151.1488,0,PH-clear,S&P500 Total Return (^SP500TR),https://query1.finance.yahoo.com/v8/finance/chart/CHKP?period1=0&period2=1791072000&interval=1d&events=div%2Csplits,https://finance.yahoo.com/quote/CHKP/history/,
OKTA,2026-10-02,211.49,USD,2017-04-07,2385,291.78,2021-02-12,5.634,27.517,2023-10-02,162.004,87.315,74.689,2026-04-02,145.765,112.1359,101.4036,96,PH-warning,S&P500 Total Return (^SP500TR),https://query1.finance.yahoo.com/v8/finance/chart/OKTA?period1=0&period2=1791072000&interval=1d&events=div%2Csplits,https://finance.yahoo.com/quote/OKTA/history/,
PODD,2026-10-02,131.69,USD,2007-05-15,4878,352.82,2025-09-09,1.062,62.675,2023-10-02,-20.207,87.315,-107.522,2026-04-02,-53.516,193.3755,211.1041,0,PH-clear,S&P500 Total Return (^SP500TR),https://query1.finance.yahoo.com/v8/finance/chart/PODD?period1=0&period2=1791072000&interval=1d&events=div%2Csplits,https://finance.yahoo.com/quote/PODD/history/,
LLY,2026-10-02,1142.85,USD,1972-06-01,13698,1280.34,2026-08-19,0.12,10.739,2023-10-02,116.731,87.315,29.415,2026-04-02,4.568,1073.8146,1062.6888,108,PH-clear,S&P500 Total Return (^SP500TR),https://query1.finance.yahoo.com/v8/finance/chart/LLY?period1=0&period2=1791072000&interval=1d&events=div%2Csplits,https://finance.yahoo.com/quote/LLY/history/,
NVO,2026-10-02,37.32,USD,1981-04-30,11449,146.91,2024-06-25,2.27,74.597,2023-10-02,-55.659,87.315,-142.974,2026-04-02,-15.762,45.6509,46.3543,0,PH-clear,S&P500 Total Return (^SP500TR),https://query1.finance.yahoo.com/v8/finance/chart/NVO?period1=0&period2=1791072000&interval=1d&events=div%2Csplits,https://finance.yahoo.com/quote/NVO/history/,
REGN,2026-10-02,735.2,USD,1991-04-02,8941,1201.76,2024-08-27,2.097,38.823,2023-10-02,-9.277,87.315,-96.593,2026-04-02,-21.213,736.0438,731.5557,0,PH-clear,S&P500 Total Return (^SP500TR),https://query1.finance.yahoo.com/v8/finance/chart/REGN?period1=0&period2=1791072000&interval=1d&events=div%2Csplits,https://finance.yahoo.com/quote/REGN/history/,
RMD,2026-10-02,218.89,USD,1995-06-02,7886,297.36,2021-09-08,5.065,26.389,2023-10-02,54.68,87.315,-32.636,2026-04-02,-19.72,225.7058,228.4716,0,PH-warning,S&P500 Total Return (^SP500TR),https://query1.finance.yahoo.com/v8/finance/chart/RMD?period1=0&period2=1791072000&interval=1d&events=div%2Csplits,https://finance.yahoo.com/quote/RMD/history/,
ISRG,2026-10-02,391.95,USD,2000-06-16,6613,610.45,2025-01-22,1.692,35.793,2023-10-02,32.873,87.315,-54.442,2026-04-02,-31.27,447.2156,464.7077,0,PH-clear,S&P500 Total Return (^SP500TR),https://query1.finance.yahoo.com/v8/finance/chart/ISRG?period1=0&period2=1791072000&interval=1d&events=div%2Csplits,https://finance.yahoo.com/quote/ISRG/history/,
ALGN,2026-10-02,143.74,USD,2001-01-30,6457,729.92,2021-09-08,5.065,80.307,2023-10-02,-52.048,87.315,-139.363,2026-04-02,-33.716,170.3117,170.4162,0,PH-impaired,S&P500 Total Return (^SP500TR),https://query1.finance.yahoo.com/v8/finance/chart/ALGN?period1=0&period2=1791072000&interval=1d&events=div%2Csplits,https://finance.yahoo.com/quote/ALGN/history/,
SYK,2026-10-02,275.43,USD,1980-03-17,11732,403.53,2025-07-25,1.188,31.745,2023-10-02,3.602,87.315,-83.713,2026-04-02,-34.41,330.2008,338.7367,0,PH-clear,S&P500 Total Return (^SP500TR),https://query1.finance.yahoo.com/v8/finance/chart/SYK?period1=0&period2=1791072000&interval=1d&events=div%2Csplits,https://finance.yahoo.com/quote/SYK/history/,
HWM,2026-10-02,231.27,USD,2016-11-01,2493,292.65,2026-08-18,0.123,20.974,2023-10-02,413.393,87.315,326.077,2026-04-02,-18.486,248.48,245.2439,0,PH-clear,S&P500 Total Return (^SP500TR),https://query1.finance.yahoo.com/v8/finance/chart/HWM?period1=0&period2=1791072000&interval=1d&events=div%2Csplits,https://finance.yahoo.com/quote/HWM/history/,
WWD,2026-10-02,331.62,USD,1994-04-04,8180,436.44,2026-06-25,0.271,24.017,2023-10-02,172.624,87.315,85.309,2026-04-02,-28.614,363.6277,359.3013,0,PH-clear,S&P500 Total Return (^SP500TR),https://query1.finance.yahoo.com/v8/finance/chart/WWD?period1=0&period2=1791072000&interval=1d&events=div%2Csplits,https://finance.yahoo.com/quote/WWD/history/,
GE,2026-10-02,309.56,USD,1970-01-02,14310,381.22,2026-08-05,0.159,18.798,2023-10-02,262.14,87.315,174.825,2026-04-02,-7.733,323.8454,321.1413,0,PH-clear,S&P500 Total Return (^SP500TR),https://query1.finance.yahoo.com/v8/finance/chart/GE?period1=0&period2=1791072000&interval=1d&events=div%2Csplits,https://finance.yahoo.com/quote/GE/history/,
HEI,2026-10-02,302.45,USD,1980-03-17,11732,374.67,2026-08-14,0.134,19.276,2023-10-02,88.325,87.315,1.01,2026-04-02,-6.642,322.2204,322.5826,0,PH-clear,S&P500 Total Return (^SP500TR),https://query1.finance.yahoo.com/v8/finance/chart/HEI?period1=0&period2=1791072000&interval=1d&events=div%2Csplits,https://finance.yahoo.com/quote/HEI/history/,
RTX,2026-10-02,184.68,USD,1970-01-02,14310,225.49,2026-08-18,0.123,18.098,2023-10-02,174.83,87.315,87.515,2026-04-02,-23.142,194.9126,192.9646,0,PH-clear,S&P500 Total Return (^SP500TR),https://query1.finance.yahoo.com/v8/finance/chart/RTX?period1=0&period2=1791072000&interval=1d&events=div%2Csplits,https://finance.yahoo.com/quote/RTX/history/,
LMT,2026-10-02,505.41,USD,1970-01-02,14309,676.7,2026-03-02,0.586,25.313,2023-10-02,34.244,87.315,-53.071,2026-04-02,-35.782,562.8867,556.5874,0,PH-clear,S&P500 Total Return (^SP500TR),https://query1.finance.yahoo.com/v8/finance/chart/LMT?period1=0&period2=1791072000&interval=1d&events=div%2Csplits,https://finance.yahoo.com/quote/LMT/history/,
GD,2026-10-02,330.09,USD,1970-01-02,14310,395.97,2026-08-10,0.145,16.638,2023-10-02,57.143,87.315,-30.172,2026-04-02,-22.557,355.2133,354.4446,0,PH-clear,S&P500 Total Return (^SP500TR),https://query1.finance.yahoo.com/v8/finance/chart/GD?period1=0&period2=1791072000&interval=1d&events=div%2Csplits,https://finance.yahoo.com/quote/GD/history/,
NOC,2026-10-02,478.0,USD,1981-12-31,11279,768.02,2026-03-02,0.586,37.762,2023-10-02,13.633,87.315,-73.683,2026-04-02,-49.319,598.3254,603.1449,0,PH-clear,S&P500 Total Return (^SP500TR),https://query1.finance.yahoo.com/v8/finance/chart/NOC?period1=0&period2=1791072000&interval=1d&events=div%2Csplits,https://finance.yahoo.com/quote/NOC/history/,
LHX,2026-10-02,236.6,USD,1981-12-31,11279,378.48,2026-03-02,0.586,37.487,2023-10-02,46.089,87.315,-41.226,2026-04-02,-50.922,310.6029,314.2478,0,PH-clear,S&P500 Total Return (^SP500TR),https://query1.finance.yahoo.com/v8/finance/chart/LHX?period1=0&period2=1791072000&interval=1d&events=div%2Csplits,https://finance.yahoo.com/quote/LHX/history/,
RKLB,2026-10-02,73.92,USD,2021-08-25,1282,150.23,2026-05-27,0.35,50.795,2023-10-02,1583.827,87.315,1496.512,2026-04-02,-8.832,81.414,79.3688,0,PH-clear,S&P500 Total Return (^SP500TR),https://query1.finance.yahoo.com/v8/finance/chart/RKLB?period1=0&period2=1791072000&interval=1d&events=div%2Csplits,https://finance.yahoo.com/quote/RKLB/history/,2021-08-25
ASTS,2026-10-02,58.45,USD,2021-04-06,1381,133.09,2026-05-28,0.348,56.082,2023-10-02,1471.237,87.315,1383.921,2026-04-02,-54.864,81.0923,81.3759,0,PH-clear,S&P500 Total Return (^SP500TR),https://query1.finance.yahoo.com/v8/finance/chart/ASTS?period1=0&period2=1791072000&interval=1d&events=div%2Csplits,https://finance.yahoo.com/quote/ASTS/history/,2021-04-06
PL,2026-10-02,17.5,USD,2021-12-08,1209,51.4,2026-05-28,0.348,65.953,2023-10-02,580.934,87.315,493.619,2026-04-02,-69.198,27.3387,26.9431,0,PH-clear,S&P500 Total Return (^SP500TR),https://query1.finance.yahoo.com/v8/finance/chart/PL?period1=0&period2=1791072000&interval=1d&events=div%2Csplits,https://finance.yahoo.com/quote/PL/history/,2021-12-08
RDW,2026-10-02,10.88,USD,2021-09-03,1275,25.9,2026-05-28,0.348,57.992,2023-10-02,281.754,87.315,194.439,2026-04-02,-6.152,11.0535,10.5553,0,PH-clear,S&P500 Total Return (^SP500TR),https://query1.finance.yahoo.com/v8/finance/chart/RDW?period1=0&period2=1791072000&interval=1d&events=div%2Csplits,https://finance.yahoo.com/quote/RDW/history/,2021-09-03
AVAV,2026-10-02,140.82,USD,2007-01-23,4956,409.83,2025-10-13,0.969,65.639,2023-10-02,29.122,87.315,-58.194,2026-04-02,-41.588,201.2449,213.1633,0,PH-clear,S&P500 Total Return (^SP500TR),https://query1.finance.yahoo.com/v8/finance/chart/AVAV?period1=0&period2=1791072000&interval=1d&events=div%2Csplits,https://finance.yahoo.com/quote/AVAV/history/,
KTOS,2026-10-02,43.07,USD,1999-11-05,6767,1578.75,2000-03-06,26.574,97.272,2023-10-02,185.8,87.315,98.484,2026-04-02,-53.984,68.9467,71.7239,0,PH-warning,S&P500 Total Return (^SP500TR),https://query1.finance.yahoo.com/v8/finance/chart/KTOS?period1=0&period2=1791072000&interval=1d&events=div%2Csplits,https://finance.yahoo.com/quote/KTOS/history/,
AXON,2026-10-02,413.35,USD,2001-06-19,6360,870.97,2025-08-07,1.153,52.541,2023-10-02,110.732,87.315,23.416,2026-04-02,-17.841,496.9618,505.6972,0,PH-clear,S&P500 Total Return (^SP500TR),https://query1.finance.yahoo.com/v8/finance/chart/AXON?period1=0&period2=1791072000&interval=1d&events=div%2Csplits,https://finance.yahoo.com/quote/AXON/history/,
VST,2026-10-02,140.02,USD,2016-10-05,2512,217.92,2025-09-22,1.027,35.747,2023-10-02,341.576,87.315,254.261,2026-04-02,-25.072,154.9132,157.8919,0,PH-clear,S&P500 Total Return (^SP500TR),https://query1.finance.yahoo.com/v8/finance/chart/VST?period1=0&period2=1791072000&interval=1d&events=div%2Csplits,https://finance.yahoo.com/quote/VST/history/,
CEG,2026-10-02,257.49,USD,2022-01-19,1181,403.95,2025-10-15,0.964,36.257,2023-10-02,150.639,87.315,63.324,2026-04-02,-23.299,287.7917,296.56,0,PH-clear,S&P500 Total Return (^SP500TR),https://query1.finance.yahoo.com/v8/finance/chart/CEG?period1=0&period2=1791072000&interval=1d&events=div%2Csplits,https://finance.yahoo.com/quote/CEG/history/,
CCJ,2026-10-02,85.18,USD,1996-03-14,7688,134.09,2026-01-28,0.676,36.475,2023-10-02,128.051,87.315,40.736,2026-04-02,-42.303,105.6587,105.2803,0,PH-clear,S&P500 Total Return (^SP500TR),https://query1.finance.yahoo.com/v8/finance/chart/CCJ?period1=0&period2=1791072000&interval=1d&events=div%2Csplits,https://finance.yahoo.com/quote/CCJ/history/,
NVT,2026-10-02,169.56,USD,2018-04-24,2123,184.34,2026-06-22,0.279,8.018,2023-10-02,235.992,87.315,148.677,2026-04-02,26.175,140.5027,135.1667,336,PH-clear,S&P500 Total Return (^SP500TR),https://query1.finance.yahoo.com/v8/finance/chart/NVT?period1=0&period2=1791072000&interval=1d&events=div%2Csplits,https://finance.yahoo.com/quote/NVT/history/,
HUBB,2026-10-02,475.52,USD,1972-06-05,13575,557.85,2026-04-23,0.444,14.758,2023-10-02,59.807,87.315,-27.508,2026-04-02,-21.173,487.7929,485.3433,0,PH-clear,S&P500 Total Return (^SP500TR),https://query1.finance.yahoo.com/v8/finance/chart/HUBB?period1=0&period2=1791072000&interval=1d&events=div%2Csplits,https://finance.yahoo.com/quote/HUBB/history/,
ETN,2026-10-02,436.11,USD,1972-06-01,13698,459.96,2026-08-12,0.14,5.185,2023-10-02,115.338,87.315,28.023,2026-04-02,3.433,389.1159,380.6941,46,PH-clear,S&P500 Total Return (^SP500TR),https://query1.finance.yahoo.com/v8/finance/chart/ETN?period1=0&period2=1791072000&interval=1d&events=div%2Csplits,https://finance.yahoo.com/quote/ETN/history/,
PWR,2026-10-02,676.56,USD,1998-02-12,7204,785.24,2026-05-06,0.408,13.84,2023-10-02,284.319,87.315,197.004,2026-04-02,2.746,605.6524,586.8725,361,PH-clear,S&P500 Total Return (^SP500TR),https://query1.finance.yahoo.com/v8/finance/chart/PWR?period1=0&period2=1791072000&interval=1d&events=div%2Csplits,https://finance.yahoo.com/quote/PWR/history/,
EME,2026-10-02,786.61,USD,1995-01-10,7986,943.75,2026-05-06,0.408,16.651,2023-10-02,282.823,87.315,195.508,2026-04-02,-13.858,772.7105,758.4639,1,PH-clear,S&P500 Total Return (^SP500TR),https://query1.finance.yahoo.com/v8/finance/chart/EME?period1=0&period2=1791072000&interval=1d&events=div%2Csplits,https://finance.yahoo.com/quote/EME/history/,
ROK,2026-10-02,454.35,USD,1981-12-31,11279,495.08,2026-06-30,0.257,8.227,2023-10-02,68.085,87.315,-19.23,2026-04-02,7.27,423.8063,420.2165,10,PH-clear,S&P500 Total Return (^SP500TR),https://query1.finance.yahoo.com/v8/finance/chart/ROK?period1=0&period2=1791072000&interval=1d&events=div%2Csplits,https://finance.yahoo.com/quote/ROK/history/,
SYM,2026-10-02,43.28,USD,2022-06-07,1085,87.3,2025-11-26,0.849,50.424,2023-10-02,25.377,87.315,-61.939,2026-04-02,-36.877,50.4387,52.5935,0,PH-clear,S&P500 Total Return (^SP500TR),https://query1.finance.yahoo.com/v8/finance/chart/SYM?period1=0&period2=1791072000&interval=1d&events=div%2Csplits,https://finance.yahoo.com/quote/SYM/history/,2022-06-07
TER,2026-10-02,449.04,USD,1973-02-21,13518,483.84,2026-06-30,0.257,7.192,2023-10-02,350.902,87.315,263.587,2026-04-02,27.173,335.061,315.3418,297,PH-clear,S&P500 Total Return (^SP500TR),https://query1.finance.yahoo.com/v8/finance/chart/TER?period1=0&period2=1791072000&interval=1d&events=div%2Csplits,https://finance.yahoo.com/quote/TER/history/,
IONQ,2026-10-02,43.77,USD,2021-09-30,1257,82.09,2025-10-13,0.969,46.68,2023-10-02,195.544,87.315,108.228,2026-04-02,31.414,43.4594,44.2602,7,PH-clear,S&P500 Total Return (^SP500TR),https://query1.finance.yahoo.com/v8/finance/chart/IONQ?period1=0&period2=1791072000&interval=1d&events=div%2Csplits,https://finance.yahoo.com/quote/IONQ/history/,2021-09-30
RGTI,2026-10-02,15.25,USD,2022-03-02,1152,56.34,2025-10-15,0.964,72.932,2023-10-02,1082.171,87.315,994.855,2026-04-02,-10.501,18.3268,19.3385,0,PH-clear,S&P500 Total Return (^SP500TR),https://query1.finance.yahoo.com/v8/finance/chart/RGTI?period1=0&period2=1791072000&interval=1d&events=div%2Csplits,https://finance.yahoo.com/quote/RGTI/history/,2022-03-02
QBTS,2026-10-02,15.77,USD,2022-08-08,1043,44.78,2025-10-15,0.964,64.783,2023-10-02,1520.761,87.315,1433.445,2026-04-02,-7.846,20.8042,21.5482,0,PH-clear,S&P500 Total Return (^SP500TR),https://query1.finance.yahoo.com/v8/finance/chart/QBTS?period1=0&period2=1791072000&interval=1d&events=div%2Csplits,https://finance.yahoo.com/quote/QBTS/history/,2022-08-08
AMZN,2026-10-02,251.52,USD,1997-05-15,7392,284.02,2026-08-03,0.164,11.443,2023-10-02,94.284,87.315,6.969,2026-04-02,1.931,241.3629,238.9946,46,PH-clear,S&P500 Total Return (^SP500TR),https://query1.finance.yahoo.com/v8/finance/chart/AMZN?period1=0&period2=1791072000&interval=1d&events=div%2Csplits,https://finance.yahoo.com/quote/AMZN/history/,
ORCL,2026-10-02,142.3,USD,1986-03-12,10219,328.33,2025-09-10,1.06,56.659,2023-10-02,38.144,87.315,-49.171,2026-04-02,-20.08,162.8885,169.0904,0,PH-clear,S&P500 Total Return (^SP500TR),https://query1.finance.yahoo.com/v8/finance/chart/ORCL?period1=0&period2=1791072000&interval=1d&events=div%2Csplits,https://finance.yahoo.com/quote/ORCL/history/,
HOOD,2026-10-02,112.74,USD,2021-07-29,1301,152.46,2025-10-09,0.98,26.053,2023-10-02,1058.685,87.315,971.369,2026-04-02,45.657,94.3256,95.0654,30,PH-clear,S&P500 Total Return (^SP500TR),https://query1.finance.yahoo.com/v8/finance/chart/HOOD?period1=0&period2=1791072000&interval=1d&events=div%2Csplits,https://finance.yahoo.com/quote/HOOD/history/,
COIN,2026-10-02,183.0,USD,2021-04-14,1375,419.78,2025-07-18,1.207,56.406,2023-10-02,142.996,87.315,55.68,2026-04-02,-11.241,185.4089,193.157,0,PH-clear,S&P500 Total Return (^SP500TR),https://query1.finance.yahoo.com/v8/finance/chart/COIN?period1=0&period2=1791072000&interval=1d&events=div%2Csplits,https://finance.yahoo.com/quote/COIN/history/,
TOST,2026-10-02,29.79,USD,2021-09-22,1263,65.22,2021-11-02,4.914,54.324,2023-10-02,62.609,87.315,-24.706,2026-04-02,-5.429,29.7784,30.1185,1,PH-impaired,S&P500 Total Return (^SP500TR),https://query1.finance.yahoo.com/v8/finance/chart/TOST?period1=0&period2=1791072000&interval=1d&events=div%2Csplits,https://finance.yahoo.com/quote/TOST/history/,
MELI,2026-10-02,1696.5601,USD,2007-08-10,4817,2613.6299,2025-06-30,1.257,35.088,2023-10-02,34.711,87.315,-52.604,2026-04-02,-19.077,1837.6139,1860.5638,0,PH-clear,S&P500 Total Return (^SP500TR),https://query1.finance.yahoo.com/v8/finance/chart/MELI?period1=0&period2=1791072000&interval=1d&events=div%2Csplits,https://finance.yahoo.com/quote/MELI/history/,
SE,2026-10-02,95.19,USD,2017-10-20,2249,366.99,2021-10-19,4.953,74.062,2023-10-02,116.587,87.315,29.272,2026-04-02,-2.281,102.8862,105.9637,0,PH-warning,S&P500 Total Return (^SP500TR),https://query1.finance.yahoo.com/v8/finance/chart/SE?period1=0&period2=1791072000&interval=1d&events=div%2Csplits,https://finance.yahoo.com/quote/SE/history/,
XYZ,2026-10-02,74.33,USD,2015-11-19,2732,281.81,2021-08-05,5.158,73.624,2023-10-02,72.1,87.315,-15.215,2026-04-02,6.368,70.1351,68.6686,79,PH-warning,S&P500 Total Return (^SP500TR),https://query1.finance.yahoo.com/v8/finance/chart/XYZ?period1=0&period2=1791072000&interval=1d&events=div%2Csplits,https://finance.yahoo.com/quote/XYZ/history/,
SCHW,2026-10-02,96.7,USD,1987-09-22,9832,113.65,2026-08-24,0.107,14.914,2023-10-02,88.194,87.315,0.879,2026-04-02,-14.175,98.3356,97.3435,0,PH-clear,S&P500 Total Return (^SP500TR),https://query1.finance.yahoo.com/v8/finance/chart/SCHW?period1=0&period2=1791072000&interval=1d&events=div%2Csplits,https://finance.yahoo.com/quote/SCHW/history/,
TW,2026-10-02,102.22,USD,2019-04-04,1885,149.02,2025-04-03,1.498,31.405,2023-10-02,29.321,87.315,-57.995,2026-04-02,-34.777,108.2835,108.7839,0,PH-clear,S&P500 Total Return (^SP500TR),https://query1.finance.yahoo.com/v8/finance/chart/TW?period1=0&period2=1791072000&interval=1d&events=div%2Csplits,https://finance.yahoo.com/quote/TW/history/,
PDD,2026-10-02,75.38,USD,2018-07-26,2058,202.82,2021-02-17,5.621,62.834,2023-10-02,-24.37,87.315,-111.686,2026-04-02,-43.242,94.5041,98.2834,0,PH-impaired,S&P500 Total Return (^SP500TR),https://query1.finance.yahoo.com/v8/finance/chart/PDD?period1=0&period2=1791072000&interval=1d&events=div%2Csplits,https://finance.yahoo.com/quote/PDD/history/,
GLBE,2026-10-02,39.31,USD,2021-05-12,1355,81.69,2021-09-01,5.084,51.879,2023-10-02,0.332,87.315,-86.983,2026-04-02,8.103,35.5667,35.5736,50,PH-impaired,S&P500 Total Return (^SP500TR),https://query1.finance.yahoo.com/v8/finance/chart/GLBE?period1=0&period2=1791072000&interval=1d&events=div%2Csplits,https://finance.yahoo.com/quote/GLBE/history/,
KSPI,2026-10-02,94.05,USD,2024-01-19,679,138.72,2024-07-18,2.207,32.202,,,,,2026-04-02,16.721,85.1268,82.8602,79,PH-clear,S&P500 Total Return (^SP500TR),https://query1.finance.yahoo.com/v8/finance/chart/KSPI?period1=0&period2=1791072000&interval=1d&events=div%2Csplits,https://finance.yahoo.com/quote/KSPI/history/,
FUTU,2026-10-02,102.17,USD,2019-03-08,1904,199.04,2025-10-31,0.92,48.669,2023-10-02,86.055,87.315,-1.26,2026-04-02,-43.907,131.9443,137.6094,0,PH-clear,S&P500 Total Return (^SP500TR),https://query1.finance.yahoo.com/v8/finance/chart/FUTU?period1=0&period2=1791072000&interval=1d&events=div%2Csplits,https://finance.yahoo.com/quote/FUTU/history/,
VKTX,2026-10-02,29.94,USD,2015-04-28,2876,94.5,2024-02-28,2.593,68.317,2023-10-02,175.437,87.315,88.122,2026-04-02,-31.937,33.1659,33.5179,0,PH-clear,S&P500 Total Return (^SP500TR),https://query1.finance.yahoo.com/v8/finance/chart/VKTX?period1=0&period2=1791072000&interval=1d&events=div%2Csplits,https://finance.yahoo.com/quote/VKTX/history/,
GPCR,2026-10-02,27.67,USD,2023-02-03,919,93.79,2026-01-21,0.695,70.498,2023-10-02,-51.113,87.315,-138.428,2026-04-02,-66.233,53.5185,54.3177,0,PH-clear,S&P500 Total Return (^SP500TR),https://query1.finance.yahoo.com/v8/finance/chart/GPCR?period1=0&period2=1791072000&interval=1d&events=div%2Csplits,https://finance.yahoo.com/quote/GPCR/history/,
ALT,2026-10-02,2.735,USD,2017-05-26,2351,133.2,2017-05-26,9.352,97.947,2023-10-02,7.677,87.315,-79.638,2026-04-02,-36.085,3.4602,3.6501,0,PH-impaired,S&P500 Total Return (^SP500TR),https://query1.finance.yahoo.com/v8/finance/chart/ALT?period1=0&period2=1791072000&interval=1d&events=div%2Csplits,https://finance.yahoo.com/quote/ALT/history/,
