rank,ticker,company,paper_weight_pct,oct2_close,bear_return_pct,base_return_pct,bull_return_pct,normal_skill_status,catalyst,primary_source
1,PODD,Insulet,20,131.69,-25.96,34.48,93.64,Conditional A–E/G-watch: insiders pass; capex/NTM cash conflict and exact NTM gross margin unresolved.,November 4 results and type-2/customer execution.,https://investors.insulet.com/news/news-details/2026/Insulet-Reports-Second-Quarter-2026-Results/default.aspx
2,AVAV,AeroVironment,15,140.82,-30.41,26.69,95.28,H-watch: current cash floor fails G; full funding/quality/insider comparisons unresolved.,Second-half FY27 recovery and conversion of $1.5B funded backlog. Earnings windows estimated.,https://investor.avinc.com/node/21391
3,LLY,Eli Lilly,12,1142.85,-23.0,20.79,62.31,Conditional ballast: annual insiders pass; complete maximum deal/legal claims and remaining A proof unresolved.,"December 7 meeting; retatrutide BLA submission planned Q1 2027, not approval.",https://investor.lilly.com/news-releases/news-release-details/lilly-reports-second-quarter-2026-financial-results-raises-full
4,GPCR,Structure Therapeutics,10,27.67,-38.13,13.88,97.58,Out of H: no commercial demand under H1.,"Q4 2026 body-composition, T2DM and SWITCH readouts; Phase 3 topline is 2H2028.",https://ir.structuretx.com/news-releases/news-release-details/structure-therapeutics-reports-positive-clinical-data-across
5,HWM,Howmet Aerospace,8,231.27,-24.76,-2.24,44.29,Unresolved #14a starter / G-watch; all remaining hard-gate evidence and headroom required.,Issuer-confirmed October 29 earnings; subsequent FY27 outlook and aerospace/aftermarket execution.,https://www.howmet.com/press-release/2026-08-06/howmet-aerospace-reports-second-quarter-2026-results/
6,GNRC,Generac Holdings,7,216.8,-34.27,21.85,67.2,"G-watch; floor-plan maximum exposure, normalized cash and full G valuation/insider proof unresolved.","Next two results and 2027 backlog delivery; October 28 earnings is vendor-estimated, not issuer-confirmed.",https://investors.generac.com/news-releases/news-release-details/generac-reports-second-quarter-2026-results
7,PL,Planet Labs,12,17.5,-43.6,5.43,95.6,"H/G-watch: ATM dilution, recurring forward cash, funding and five-year quality model unresolved.",Pelican/contract conversion and FY27 results; next earnings dates unconfirmed.,https://investors.planet.com/news/news-details/2026/Planet-Reports-Financial-Results-for-Second-Quarter-of-Fiscal-Year-2027/default.aspx
8,SYM,Symbotic,5,43.28,-34.77,13.82,81.54,"G-watch: deposits/forward cash, full economic shares, ordinary dilution and latest EPS basis unresolved.",System acceptance and FY27 guide; next reporting dates unconfirmed.,https://ir.symbotic.com/news-releases/news-release-details/symbotic-reports-third-quarter-fiscal-year-2026-results
9,RKLB,Rocket Lab,8,73.92,-63.28,-0.12,80.84,"H-watch: complete combined funding, maximum dilution, annual net-sales offsets and H3/H4 unresolved.",Q4 Neutron delivery-to-pad target; maiden launch by March is unconfirmed. Iridium close expected mid-2027.,https://investors.rocketlabcorp.com/news-releases/news-release-details/rocket-lab-announces-second-quarter-2026-financial-results-posts
10,ASTS,AST SpaceMobile,3,58.45,-65.18,-1.61,98.65,"H-watch: 24-month stressed funding gap, full convert dilution and quality destination unresolved.",Deployment and paying-service proof. 2026 beta remains a target.,https://www.sec.gov/Archives/edgar/data/1780312/000119312526342540/asts-ex99_1.htm
